id,email,password,role,registration_date,last_entered
7cb97fec-1ca3-4a09-aa0f-0473d1ec1ea7,ajaye0@deviantart.com,$2a$12$zB5PqEJl6OektbFuTUqAbu4TTA6nZyzWiuaCXoUo.dILdQzd/FMOG,USER,2024-10-19 08:39:44,2025-01-19 19:02:22
bdb95744-c06a-484f-bac0-c4b183a0a44e,kmathieson1@exblog.jp,$2a$12$zB5PqEJl6OektbFuTUqAbu4TTA6nZyzWiuaCXoUo.dILdQzd/FMOG,USER,2024-04-03 17:36:37,2025-02-17 09:25:37
bd629418-fe03-4cb9-8fd6-2eebeaac59ac,lbeiderbecke2@bing.com,$2a$12$zB5PqEJl6OektbFuTUqAbu4TTA6nZyzWiuaCXoUo.dILdQzd/FMOG,USER,2024-05-29 22:23:09,2025-01-13 00:40:30
27d77680-d623-4ac2-8dbf-19c5bd4691c0,weyckel3@google.com,$2a$12$zB5PqEJl6OektbFuTUqAbu4TTA6nZyzWiuaCXoUo.dILdQzd/FMOG,USER,2024-05-27 14:04:07,2025-03-12 01:22:14
10626048-1854-4bbf-b6be-a65f08a7883c,jgouldie4@arizona.edu,$2a$12$zB5PqEJl6OektbFuTUqAbu4TTA6nZyzWiuaCXoUo.dILdQzd/FMOG,USER,2024-06-18 00:46:49,2025-03-15 10:55:43
04b981f7-3391-4b0a-8ae8-678f967018d2,zmacfaul5@printfriendly.com,$2a$12$zB5PqEJl6OektbFuTUqAbu4TTA6nZyzWiuaCXoUo.dILdQzd/FMOG,USER,2024-05-01 15:01:57,2025-02-10 16:39:56
cb2c8394-6aa8-46a7-b26c-15d8bf2aa0d4,wcampey6@state.gov,$2a$12$zB5PqEJl6OektbFuTUqAbu4TTA6nZyzWiuaCXoUo.dILdQzd/FMOG,USER,2024-10-30 02:38:43,2025-02-23 14:53:59
e7dc69af-d8cc-4917-88fa-19761f3fa825,codoherty7@ezinearticles.com,$2a$12$zB5PqEJl6OektbFuTUqAbu4TTA6nZyzWiuaCXoUo.dILdQzd/FMOG,USER,2024-12-10 18:49:04,2025-01-21 04:45:31
e5f33dee-22d0-4cc9-b66b-7b472684a526,chundal8@usa.gov,$2a$12$zB5PqEJl6OektbFuTUqAbu4TTA6nZyzWiuaCXoUo.dILdQzd/FMOG,USER,2024-07-03 18:57:18,2025-01-25 21:50:10
a0beab44-c90f-460d-b989-86f715908c0d,abronger9@china.com.cn,$2a$12$zB5PqEJl6OektbFuTUqAbu4TTA6nZyzWiuaCXoUo.dILdQzd/FMOG,USER,2024-05-19 01:01:14,2025-01-28 16:33:50
