id,user_id,message,image_url,date,time
1,7cb97fec-1ca3-4a09-aa0f-0473d1ec1ea7,Aliquam quis turpis eget elit sodales scelerisque. Mauris sit amet eros.,"",2024-05-14,01:15:44
2,e5f33dee-22d0-4cc9-b66b-7b472684a526,"Vestibulum sed magna at nunc commodo placerat. Praesent blandit. Nam nulla. Integer pede justo, lacinia eget, tincidunt eget, tempus vel, pede. Morbi porttitor lorem id ligula. Suspendisse ornare consequat lectus. In est risus, auctor sed, tristique in, tempus sit amet, sem. Fusce consequat. Nulla nisl. Nunc nisl.
","",2024-12-01,07:34:59
3,bd629418-fe03-4cb9-8fd6-2eebeaac59ac,"Duis bibendum. Morbi non quam nec dui luctus rutrum.
","","2025-01-28
",20:29:33
4,27d77680-d623-4ac2-8dbf-19c5bd4691c0,"Maecenas tristique, est et tempus semper, est quam pharetra magna, ac consequat metus sapien ut nunc. Vestibulum ante ipsum primis in faucibus orci luctus et ultrices posuere cubilia Curae; Mauris viverra diam vitae quam. Suspendisse potenti. Nullam porttitor lacus at turpis. Donec posuere metus vitae ipsum. Aliquam non mauris. Morbi non lectus. Aliquam sit amet diam in magna bibendum imperdiet.
","",2025-01-25,02:42:06
5,bdb95744-c06a-484f-bac0-c4b183a0a44e,Etiam faucibus cursus urna.,"",2024-12-09,05:26:41
6,bd629418-fe03-4cb9-8fd6-2eebeaac59ac,"Cum sociis natoque penatibus et magnis dis parturient montes, nascetur ridiculus mus. Vivamus vestibulum sagittis sapien. Cum sociis natoque penatibus et magnis dis parturient montes, nascetur ridiculus mus. Etiam vel augue. Vestibulum rutrum rutrum neque. Aenean auctor gravida sem. Praesent id massa id nisl venenatis lacinia.
","",2024-09-26,15:47:29
7,27d77680-d623-4ac2-8dbf-19c5bd4691c0,"Nunc purus. Phasellus in felis. Donec semper sapien a libero. Nam dui. Proin leo odio, porttitor id, consequat in, consequat ut, nulla. Sed accumsan felis.
","",2024-07-06,03:01:53
8,cb2c8394-6aa8-46a7-b26c-15d8bf2aa0d4,"Vivamus metus arcu, adipiscing molestie, hendrerit at, vulputate vitae, nisl. Aenean lectus. Pellentesque eget nunc. Donec quis orci eget orci vehicula condimentum. Curabitur in libero ut massa volutpat convallis. Morbi odio odio, elementum eu, interdum eu, tincidunt in, leo. Maecenas pulvinar lobortis est. Phasellus sit amet erat. Nulla tempus.
","",2025-01-18,13:07:38
9,7cb97fec-1ca3-4a09-aa0f-0473d1ec1ea7,"Pellentesque eget nunc. Donec quis orci eget orci vehicula condimentum. Curabitur in libero ut massa volutpat convallis. Morbi odio odio, elementum eu, interdum eu, tincidunt in, leo. Maecenas pulvinar lobortis est. Phasellus sit amet erat. Nulla tempus. Vivamus in felis eu sapien cursus vestibulum. Proin eu mi. Nulla ac enim.
","",2024-07-04,05:29:35
10,e5f33dee-22d0-4cc9-b66b-7b472684a526,"O'Vestibulum quam sapien, varius ut, blandit non, interdum in, ante. Vestibulum ante ipsum primis in faucibus orci luctus et ultrices posuere cubilia Curae; Duis faucibus accumsan odio. Curabitur convallis. Duis consequat dui nec nisi volutpat eleifend. Donec ut dolor. Morbi vel lectus in quam fringilla rhoncus. Mauris enim leo, rhoncus sed, vestibulum sit amet, cursus id, turpis. Integer aliquet, massa id lobortis convallis, tortor risus dapibus augue, vel accumsan tellus nisi eu orci.
","",2024-11-30,17:46:59
